"casos_teste","churnBinario","churnSimples","churnLinear","churnExponencial_2","churnExponencial_e","churnRecente","Real"
"100",1,0.6666666667,0.8333333333,0.8571428571,0.9099694268,0.6666666666666667,1.0
"010",1,0.6666666667,0.6666666667,0.7142857143,0.7552715289,0.5,1.0
"001",1,0.6666666667,0.5,0.4285714286,0.3347590442,0.0,0.0
"110",0,0.3333333333,0.5,0.5714285714,0.6652409558,0.33333333333333337,0.0
"011",0,0.3333333333,0.1666666667,0.1428571429,0.0900305732,0.0,0.0
"101",0,0.3333333333,0.3333333333,0.2857142857,0.2447284711,0.33333333333333337,0.0
"111",0,0.0,0.0,0.0,0.0,0.0,0.0
"000",1,1.0,1.0,1.0,1.0,1.0,1.0
