"casos_teste","ERROchurnBinario","ERROchurnSimples","ERROchurnLinear","ERROchurnExponencial_2","ERROchurnExponencial_e","ERROchurnRecente"
"01000",0.0,-0.19999999999999996,-0.1333333333333333,-0.06451612903225801,-0.03001661411191181,-0.25
"00100",0.0,-0.19999999999999996,-0.19999999999999996,-0.12903225806451613,-0.08576175460546231,-0.33333333333333326
"00010",1.0,0.8,0.7333333333333334,0.7419354838709677,0.7684432625652515,0.5
"00100",0.0,-0.19999999999999996,-0.19999999999999996,-0.12903225806451613,-0.08576175460546231,-0.33333333333333326
"01000",0.0,-0.19999999999999996,-0.1333333333333333,-0.06451612903225801,-0.03001661411191181,-0.25
