"casos_teste","churnBinario","churnSimples","churnLinear","churnExponencial_2","churnExponencial_e","churnRecente","Real"
"01000",1,0.8,0.8666666666666667,0.935483870967742,0.9699833858880882,0.75,1.0
"00100",1,0.8,0.8,0.8709677419354839,0.9142382453945377,0.6666666666666667,1.0
"00010",1,0.8,0.7333333333333334,0.7419354838709677,0.7684432625652515,0.5,0.0
"00100",1,0.8,0.8,0.8709677419354839,0.9142382453945377,0.6666666666666667,1.0
"01000",1,0.8,0.8666666666666667,0.935483870967742,0.9699833858880882,0.75,1.0
