"id","churnBinario","churnSimples","churnLinear","churnExponencial_2","churnExponencial_e","churnRecente","Real"
"0",1,0.8,0.9333333333333333,0.9838709677419355,0.9957119122697269,0.6666666666666667,1.0
"1",1,0.8,0.9333333333333333,0.9838709677419355,0.9957119122697269,0.5,1.0
"2",1,0.8,0.9333333333333333,0.9838709677419355,0.9957119122697269,0.0,0.0
"3",1,0.8,0.9333333333333333,0.9838709677419355,0.9957119122697269,0.5,1.0
"4",1,0.8,0.9333333333333333,0.9838709677419355,0.9957119122697269,0.6666666666666667,1.0
