"id","ERROchurnBinario","ERROchurnSimples","ERROchurnLinear","ERROchurnExponencial_2","ERROchurnExponencial_e","ERROchurnRecente"
"0",0.0,-0.19999999999999996,-0.06666666666666665,-0.016129032258064502,-0.004288087730273116,-0.33333333333333326
"1",0.0,-0.19999999999999996,-0.06666666666666665,-0.016129032258064502,-0.004288087730273116,-0.5
"2",1.0,0.8,0.9333333333333333,0.9838709677419355,0.9957119122697269,0.0
"3",0.0,-0.19999999999999996,-0.06666666666666665,-0.016129032258064502,-0.004288087730273116,-0.5
"4",0.0,-0.19999999999999996,-0.06666666666666665,-0.016129032258064502,-0.004288087730273116,-0.33333333333333326
