"casos_teste","churnBinario","churnSimples","churnLinear","churnExponencial_2","churnExponencial_e","churnRecente","Real"
"01000",1,0.8,0.8666666667,0.935483871,0.9683150792,0.75,1.0
"00100",1,0.8,0.8,0.8709677419,0.9138714556,0.6666666666666667,1.0
"00010",1,0.8,0.7333333333,0.7419354839,0.7658783427,0.5,0.0
"00100",1,0.8,0.8,0.8709677419,0.9138714556,0.6666666666666667,1.0
"01000",1,0.8,0.8666666667,0.935483871,0.9683150792,0.75,1.0
