"casos_teste","churnBinario","churnSimples","churnLinear","churnExponencial_2","churnExponencial_e","churnRecente","Real"
"11111",0,0.0,0.0,0.0,0.0,0.0,0.0
"00000",1,1.0,1.0,1.0,1.0,1.0,1.0
"01010",1,0.6,0.6,0.6774193548,0.734193422,0.5,0.0
"10101",0,0.4,0.4,0.3225806452,0.265806578,0.4,0.0
"10000",1,0.8,0.9333333333,0.9677419355,0.988343769,0.8,1.0
