"casos_teste","ERROchurnBinario","ERROchurnSimples","ERROchurnLinear","ERROchurnExponencial_2","ERROchurnExponencial_e","ERROchurnRecente"
"11111",0.0,0.0,0.0,0.0,0.0,0.0
"00000",0.0,0.0,0.0,0.0,0.0,0.0
"01010",1.0,0.6,0.6,0.6774193548,0.734193422,0.5
"10101",0.0,0.4,0.4,0.3225806452,0.265806578,0.4
"10000",0.0,-0.2,-0.0666666667,-0.0322580645,-0.011656231,-0.2
